"Longitude (x)","Latitude (y)","Station Name","Climate ID","Date/Time","Year","Month","Day","Data Quality","Max Temp (°C)","Max Temp Flag","Min Temp (°C)","Min Temp Flag","Mean Temp (°C)","Mean Temp Flag","Heat Deg Days (°C)","Heat Deg Days Flag","Cool Deg Days (°C)","Cool Deg Days Flag","Total Rain (mm)","Total Rain Flag","Total Snow (cm)","Total Snow Flag","Total Precip (mm)","Total Precip Flag","Snow on Grnd (cm)","Snow on Grnd Flag","Dir of Max Gust (10s deg)","Dir of Max Gust Flag","Spd of Max Gust (km/h)","Spd of Max Gust Flag"
"-116.34","51.44","YOHO PARK","11790J1","2021-01-01","2021","01","01","","-3.0","","-6.9","","-4.9","","22.9","","0.0","","","","","","0.0","","71","","26","","51",""
"-116.34","51.44","YOHO PARK","11790J1","2021-01-02","2021","01","02","","-1.3","","-3.1","","-2.2","","20.2","","0.0","","","","","","0.0","","71","","27","","50",""
"-116.34","51.44","YOHO PARK","11790J1","2021-01-03","2021","01","03","","-1.9","","-5.5","","-3.7","","21.7","","0.0","","","","","","0.0","","76","","26","","43",""
"-116.34","51.44","YOHO PARK","11790J1","2021-01-04","2021","01","04","","-3.4","","-7.4","","-5.4","","23.4","","0.0","","","","","","0.0","","76","","26","","39",""
"-116.34","51.44","YOHO PARK","11790J1","2021-01-05","2021","01","05","","-2.8","","-7.5","","-5.1","","23.1","","0.0","","","","","","0.0","","78","","26","","46",""
"-116.34","51.44","YOHO PARK","11790J1","2021-01-06","2021","01","06","","-1.9","","-5.3","","-3.6","","21.6","","0.0","","","","","","0.0","","76","","26","","50",""
"-116.34","51.44","YOHO PARK","11790J1","2021-01-07","2021","01","07","","-3.8","","-11.7","","-7.7","","25.7","","0.0","","","","","","0.8","","75","","","","",""
"-116.34","51.44","YOHO PARK","11790J1","2021-01-08","2021","01","08","","-7.5","","-13.3","","-10.4","","28.4","","0.0","","","","","","0.0","","74","","","","",""
"-116.34","51.44","YOHO PARK","11790J1","2021-01-09","2021","01","09","","-8.2","","-13.4","","-10.8","","28.8","","0.0","","","","","","0.0","","73","","26","","43",""
"-116.34","51.44","YOHO PARK","11790J1","2021-01-10","2021","01","10","","-6.3","","-11.2","","-8.7","","26.7","","0.0","","","","","","0.0","","72","","27","","46",""
"-116.34","51.44","YOHO PARK","11790J1","2021-01-11","2021","01","11","","-3.8","","-7.2","","-5.5","","23.5","","0.0","","","","","","0.0","","71","","27","","50",""
"-116.34","51.44","YOHO PARK","11790J1","2021-01-12","2021","01","12","","-1.8","","-5.3","","-3.6","","21.6","","0.0","","","","","","0.0","","69","","27","","48",""
"-116.34","51.44","YOHO PARK","11790J1","2021-01-13","2021","01","13","","-1.3","","-7.2","","-4.3","","22.3","","0.0","","","","","","0.0","","81","","25","","53",""
"-116.34","51.44","YOHO PARK","11790J1","2021-01-14","2021","01","14","","-1.0","","-10.1","","-5.6","","23.6","","0.0","","","","","","0.0","","89","","25","","39",""
"-116.34","51.44","YOHO PARK","11790J1","2021-01-15","2021","01","15","","-3.8","","-8.3","","-6.0","","24.0","","0.0","","","","","","0.0","","86","","26","","60",""
"-116.34","51.44","YOHO PARK","11790J1","2021-01-16","2021","01","16","","-0.8","","-7.8","","-4.3","","22.3","","0.0","","","","","","0.0","","83","","27","","43",""
"-116.34","51.44","YOHO PARK","11790J1","2021-01-17","2021","01","17","","-4.3","","-7.1","","-5.7","","23.7","","0.0","","","","","","0.0","","83","","26","","51",""
"-116.34","51.44","YOHO PARK","11790J1","2021-01-18","2021","01","18","","3.1","","-11.2","","-4.0","","22.0","","0.0","","","","","","0.0","","87","","","","",""
"-116.34","51.44","YOHO PARK","11790J1","2021-01-19","2021","01","19","","-5.2","","-12.8","","-9.0","","27.0","","0.0","","","","","","0.0","","84","","27","","62",""
"-116.34","51.44","YOHO PARK","11790J1","2021-01-20","2021","01","20","","-1.5","","-14.3","","-7.9","","25.9","","0.0","","","","","","0.8","","84","","24","","65",""
"-116.34","51.44","YOHO PARK","11790J1","2021-01-21","2021","01","21","","-9.5","","-23.1","","-16.3","","34.3","","0.0","","","","","","0.4","","83","","","","",""
"-116.34","51.44","YOHO PARK","11790J1","2021-01-22","2021","01","22","","-10.4","","-26.1","","-18.2","","36.2","","0.0","","","","","","0.0","","80","","","","",""
"-116.34","51.44","YOHO PARK","11790J1","2021-01-23","2021","01","23","","-12.1","","-22.7","","-17.4","","35.4","","0.0","","","","","","0.0","","80","","27","","47",""
"-116.34","51.44","YOHO PARK","11790J1","2021-01-24","2021","01","24","","-9.8","","-15.6","","-12.7","","30.7","","0.0","","","","","","0.2","","81","","25","","43",""
"-116.34","51.44","YOHO PARK","11790J1","2021-01-25","2021","01","25","","-6.9","","-17.2","","-12.0","","30.0","","0.0","","","","","","0.4","","81","","26","","31",""
"-116.34","51.44","YOHO PARK","11790J1","2021-01-26","2021","01","26","","-5.5","","-12.7","","-9.1","","27.1","","0.0","","","","","","0.0","","79","","","","",""
"-116.34","51.44","YOHO PARK","11790J1","2021-01-27","2021","01","27","","-8.2","","-16.7","","-12.5","","30.5","","0.0","","","","","","0.0","","80","","","","",""
"-116.34","51.44","YOHO PARK","11790J1","2021-01-28","2021","01","28","","-5.4","","-13.6","","-9.5","","27.5","","0.0","","","","","","0.0","","81","","","","",""
"-116.34","51.44","YOHO PARK","11790J1","2021-01-29","2021","01","29","","-3.0","","-10.6","","-6.8","","24.8","","0.0","","","","","","0.0","","87","","","","",""
"-116.34","51.44","YOHO PARK","11790J1","2021-01-30","2021","01","30","","-2.8","","-11.8","","-7.3","","25.3","","0.0","","","","","","0.0","","88","","27","","38",""
"-116.34","51.44","YOHO PARK","11790J1","2021-01-31","2021","01","31","","-2.3","","-8.6","","-5.4","","23.4","","0.0","","","","","","0.0","","88","","","M","","M"
"-116.34","51.44","YOHO PARK","11790J1","2021-02-01","2021","02","01","","0.5","","-4.0","","-1.8","","19.8","","0.0","","","","","","0.0","","101","","","M","","M"
"-116.34","51.44","YOHO PARK","11790J1","2021-02-02","2021","02","02","","-0.3","","-6.9","","-3.6","","21.6","","0.0","","","","","","0.0","","114","","","M","","M"
"-116.34","51.44","YOHO PARK","11790J1","2021-02-03","2021","02","03","","-0.4","","-11.2","","-5.8","","23.8","","0.0","","","","","","","M","117","","","M","","M"
"-116.34","51.44","YOHO PARK","11790J1","2021-02-04","2021","02","04","","-5.1","","-8.9","","-7.0","","25.0","","0.0","","","","","","","M","111","","25","","39",""
"-116.34","51.44","YOHO PARK","11790J1","2021-02-05","2021","02","05","","-4.8","","-15.3","","-10.1","","28.1","","0.0","","","","","","","M","110","","6","","41",""
"-116.34","51.44","YOHO PARK","11790J1","2021-02-06","2021","02","06","","-12.8","","-20.5","","-16.6","","34.6","","0.0","","","","","","","M","118","","4","","48",""
"-116.34","51.44","YOHO PARK","11790J1","2021-02-07","2021","02","07","","-16.3","","-25.1","","-20.7","","38.7","","0.0","","","","","","","M","117","","7","","40",""
"-116.34","51.44","YOHO PARK","11790J1","2021-02-08","2021","02","08","","-18.9","","-26.9","","-22.9","","40.9","","0.0","","","","","","","M","114","","7","","33",""
"-116.34","51.44","YOHO PARK","11790J1","2021-02-09","2021","02","09","","-19.3","","-34.4","","-26.9","","44.9","","0.0","","","","","","","M","111","","","","",""
"-116.34","51.44","YOHO PARK","11790J1","2021-02-10","2021","02","10","","-18.8","","-28.2","","-23.5","","41.5","","0.0","","","","","","","M","109","","8","","31",""
"-116.34","51.44","YOHO PARK","11790J1","2021-02-11","2021","02","11","","-19.4","","-34.0","","-26.7","","44.7","","0.0","","","","","","","M","108","","","","",""
"-116.34","51.44","YOHO PARK","11790J1","2021-02-12","2021","02","12","","-14.2","","-32.1","","-23.2","","41.2","","0.0","","","","","","","M","106","","","","",""
"-116.34","51.44","YOHO PARK","11790J1","2021-02-13","2021","02","13","","-13.6","","-28.5","","-21.1","","39.1","","0.0","","","","","","","M","105","","6","","42",""
"-116.34","51.44","YOHO PARK","11790J1","2021-02-14","2021","02","14","","-13.4","","-26.0","","-19.7","","37.7","","0.0","","","","","","","M","105","","26","","35",""
"-116.34","51.44","YOHO PARK","11790J1","2021-02-15","2021","02","15","","-8.3","","-24.7","","-16.5","","34.5","","0.0","","","","","","","M","103","","26","","38",""
"-116.34","51.44","YOHO PARK","11790J1","2021-02-16","2021","02","16","","-9.1","","-15.8","","-12.5","","30.5","","0.0","","","","","","","M","103","","25","","39",""
"-116.34","51.44","YOHO PARK","11790J1","2021-02-17","2021","02","17","","-4.7","","-16.8","","-10.8","","28.8","","0.0","","","","","","","M","103","","26","","38",""
"-116.34","51.44","YOHO PARK","11790J1","2021-02-18","2021","02","18","","","M","","M","","M","","M","","M","","","","","","M","102","","","M","","M"
"-116.34","51.44","YOHO PARK","11790J1","2021-02-19","2021","02","19","","-5.9","","-12.5","","-9.2","","27.2","","0.0","","","","","","0.5","","101","","25","","45",""
"-116.34","51.44","YOHO PARK","11790J1","2021-02-20","2021","02","20","","-3.4","","-9.2","","-6.3","","24.3","","0.0","","","","","","0.7","","101","","24","","54",""
"-116.34","51.44","YOHO PARK","11790J1","2021-02-21","2021","02","21","","0.8","","-6.9","","-3.0","","21.0","","0.0","","","","","","1.2","","101","","26","","55",""
"-116.34","51.44","YOHO PARK","11790J1","2021-02-22","2021","02","22","","1.6","","-5.1","","-1.7","","19.7","","0.0","","","","","","14.2","","105","","25","","63",""
"-116.34","51.44","YOHO PARK","11790J1","2021-02-23","2021","02","23","","-1.9","","-13.9","","-7.9","","25.9","","0.0","","","","","","1.2","","113","","25","","40",""
"-116.34","51.44","YOHO PARK","11790J1","2021-02-24","2021","02","24","","-2.7","","-20.9","","-11.8","","29.8","","0.0","","","","","","0.8","","112","","23","","43",""
"-116.34","51.44","YOHO PARK","11790J1","2021-02-25","2021","02","25","","-3.9","","-10.3","","-7.1","","25.1","","0.0","","","","","","1.1","","109","","28","","45",""
"-116.34","51.44","YOHO PARK","11790J1","2021-02-26","2021","02","26","","-2.0","","-8.6","","-5.3","","23.3","","0.0","","","","","","4.5","","111","","26","","33",""
"-116.34","51.44","YOHO PARK","11790J1","2021-02-27","2021","02","27","","-2.8","","-12.5","","-7.7","","25.7","","0.0","","","","","","1.4","","113","","25","","43",""
"-116.34","51.44","YOHO PARK","11790J1","2021-02-28","2021","02","28","","-4.0","","-9.4","","-6.7","","24.7","","0.0","","","","","","3.0","","112","","27","","52",""
"-116.34","51.44","YOHO PARK","11790J1","2021-03-01","2021","03","01","","-0.2","","-6.2","","-3.2","","21.2","","0.0","","","","","","0.7","","114","","27","","52",""
"-116.34","51.44","YOHO PARK","11790J1","2021-03-02","2021","03","02","","2.7","","-4.8","","-1.1","","19.1","","0.0","","","","","","0.7","","113","","25","","52",""
"-116.34","51.44","YOHO PARK","11790J1","2021-03-03","2021","03","03","","3.8","","-5.5","","-0.8","","18.8","","0.0","","","","","","0.0","","111","","25","","50",""
"-116.34","51.44","YOHO PARK","11790J1","2021-03-04","2021","03","04","","6.9","","-13.4","","-3.3","","21.3","","0.0","","","","","","0.8","","110","","26","","38",""
"-116.34","51.44","YOHO PARK","11790J1","2021-03-05","2021","03","05","","8.3","","-7.0","","0.6","","17.4","","0.0","","","","","","0.6","","109","","25","","37",""
"-116.34","51.44","YOHO PARK","11790J1","2021-03-06","2021","03","06","","4.0","","-7.4","","-1.7","","19.7","","0.0","","","","","","7.8","","107","","25","","41",""
"-116.34","51.44","YOHO PARK","11790J1","2021-03-07","2021","03","07","","1.1","","-7.8","","-3.3","","21.3","","0.0","","","","","","1.5","","115","","24","","37",""
"-116.34","51.44","YOHO PARK","11790J1","2021-03-08","2021","03","08","","1.8","","-14.8","","-6.5","","24.5","","0.0","","","","","","1.7","","115","","","","",""
"-116.34","51.44","YOHO PARK","11790J1","2021-03-09","2021","03","09","","2.1","","-21.9","","-9.9","","27.9","","0.0","","","","","","1.3","","113","","26","","39",""
"-116.34","51.44","YOHO PARK","11790J1","2021-03-10","2021","03","10","","2.3","","-10.3","","-4.0","","22.0","","0.0","","","","","","1.8","","112","","25","","38",""
"-116.34","51.44","YOHO PARK","11790J1","2021-03-11","2021","03","11","","1.9","","-15.7","","-6.9","","24.9","","0.0","","","","","","1.5","","113","","26","","39",""
"-116.34","51.44","YOHO PARK","11790J1","2021-03-12","2021","03","12","","4.1","","-8.8","","-2.3","","20.3","","0.0","","","","","","0.3","","111","","25","","45",""
"-116.34","51.44","YOHO PARK","11790J1","2021-03-13","2021","03","13","","8.4","","-11.1","","-1.4","","19.4","","0.0","","","","","","0.3","","110","","26","","37",""
"-116.34","51.44","YOHO PARK","11790J1","2021-03-14","2021","03","14","","8.3","","-6.0","","1.1","","16.9","","0.0","","","","","","0.6","","109","","26","","54",""
"-116.34","51.44","YOHO PARK","11790J1","2021-03-15","2021","03","15","","7.4","","-1.1","","3.2","","14.8","","0.0","","","","","","0.2","","108","","24","","35",""
"-116.34","51.44","YOHO PARK","11790J1","2021-03-16","2021","03","16","","7.6","","-7.4","","0.1","","17.9","","0.0","","","","","","0.3","","105","","","","",""
"-116.34","51.44","YOHO PARK","11790J1","2021-03-17","2021","03","17","","7.2","","-12.0","","-2.4","","20.4","","0.0","","","","","","0.0","","104","","25","","33",""
"-116.34","51.44","YOHO PARK","11790J1","2021-03-18","2021","03","18","","8.6","","-10.7","","-1.0","","19.0","","0.0","","","","","","0.0","","103","","26","","40",""
"-116.34","51.44","YOHO PARK","11790J1","2021-03-19","2021","03","19","","3.5","","-4.3","","-0.4","","18.4","","0.0","","","","","","7.2","","106","","23","","41",""
"-116.34","51.44","YOHO PARK","11790J1","2021-03-20","2021","03","20","","3.7","","-4.0","","-0.2","","18.2","","0.0","","","","","","1.3","","106","","27","","45",""
"-116.34","51.44","YOHO PARK","11790J1","2021-03-21","2021","03","21","","1.4","","-4.4","","-1.5","","19.5","","0.0","","","","","","0.4","","106","","27","","43",""
"-116.34","51.44","YOHO PARK","11790J1","2021-03-22","2021","03","22","","4.9","","-9.9","","-2.5","","20.5","","0.0","","","","","","2.5","","106","","27","","44",""
"-116.34","51.44","YOHO PARK","11790J1","2021-03-23","2021","03","23","","2.6","","-17.3","","-7.4","","25.4","","0.0","","","","","","0.9","","107","","25","","48",""
"-116.34","51.44","YOHO PARK","11790J1","2021-03-24","2021","03","24","","4.0","","-5.3","","-0.6","","18.6","","0.0","","","","","","2.2","","106","","27","","41",""
"-116.34","51.44","YOHO PARK","11790J1","2021-03-25","2021","03","25","","3.8","","-6.8","","-1.5","","19.5","","0.0","","","","","","1.0","","109","","","M","","M"
"-116.34","51.44","YOHO PARK","11790J1","2021-03-26","2021","03","26","","2.5","","-5.2","","-1.3","","19.3","","0.0","","","","","","0.8","","108","","24","","44",""
"-116.34","51.44","YOHO PARK","11790J1","2021-03-27","2021","03","27","","4.3","","-3.0","","0.7","","17.3","","0.0","","","","","","1.1","","107","","26","","45",""
"-116.34","51.44","YOHO PARK","11790J1","2021-03-28","2021","03","28","","2.9","","-4.9","","-1.0","","19.0","","0.0","","","","","","8.8","","107","","25","","48",""
"-116.34","51.44","YOHO PARK","11790J1","2021-03-29","2021","03","29","","-2.4","","-10.2","","-6.3","","24.3","","0.0","","","","","","2.8","","116","","25","","37",""
"-116.34","51.44","YOHO PARK","11790J1","2021-03-30","2021","03","30","","-0.2","","-13.8","","-7.0","","25.0","","0.0","","","","","","0.7","","115","","27","","48",""
"-116.34","51.44","YOHO PARK","11790J1","2021-03-31","2021","03","31","","7.5","","-6.0","","0.7","","17.3","","0.0","","","","","","0.3","","113","","27","","56",""
"-116.34","51.44","YOHO PARK","11790J1","2021-04-01","2021","04","01","","4.5","","-3.2","","0.7","","17.3","","0.0","","","","","","0.3","","111","","26","","47",""
"-116.34","51.44","YOHO PARK","11790J1","2021-04-02","2021","04","02","","4.8","","-2.5","","1.2","","16.8","","0.0","","","","","","0.0","","110","","27","","53",""
"-116.34","51.44","YOHO PARK","11790J1","2021-04-03","2021","04","03","","8.4","","-2.0","","3.2","","14.8","","0.0","","","","","","0.6","","108","","26","","48",""
"-116.34","51.44","YOHO PARK","11790J1","2021-04-04","2021","04","04","","5.4","","-6.1","","-0.4","","18.4","","0.0","","","","","","6.0","","105","","26","","39",""
"-116.34","51.44","YOHO PARK","11790J1","2021-04-05","2021","04","05","","7.4","","-11.7","","-2.1","","20.1","","0.0","","","","","","0.6","","108","","25","","40",""
"-116.34","51.44","YOHO PARK","11790J1","2021-04-06","2021","04","06","","10.0","","-9.5","","0.2","","17.8","","0.0","","","","","","0.0","","105","","25","","49",""
"-116.34","51.44","YOHO PARK","11790J1","2021-04-07","2021","04","07","","4.4","","-1.7","","1.4","","16.6","","0.0","","","","","","0.0","","103","","27","","54",""
"-116.34","51.44","YOHO PARK","11790J1","2021-04-08","2021","04","08","","1.8","","-5.8","","-2.0","","20.0","","0.0","","","","","","10.5","","103","","26","","33",""
"-116.34","51.44","YOHO PARK","11790J1","2021-04-09","2021","04","09","","0.1","","-6.5","","-3.2","","21.2","","0.0","","","","","","0.0","","114","","26","","49",""
"-116.34","51.44","YOHO PARK","11790J1","2021-04-10","2021","04","10","","5.9","","-7.9","","-1.0","","19.0","","0.0","","","","","","6.7","","","","25","","36",""
"-116.34","51.44","YOHO PARK","11790J1","2021-04-11","2021","04","11","","2.3","","-12.7","","-5.2","","23.2","","0.0","","","","","","0.2","","111","","25","","41",""
"-116.34","51.44","YOHO PARK","11790J1","2021-04-12","2021","04","12","","3.8","","-13.0","","-4.6","","22.6","","0.0","","","","","","0.2","","111","","5","","37",""
"-116.34","51.44","YOHO PARK","11790J1","2021-04-13","2021","04","13","","11.8","","-16.3","","-2.3","","20.3","","0.0","","","","","","0.8","","109","","","","",""
"-116.34","51.44","YOHO PARK","11790J1","2021-04-14","2021","04","14","","14.2","","-11.5","","1.3","","16.7","","0.0","","","","","","0.0","","107","","","","",""
"-116.34","51.44","YOHO PARK","11790J1","2021-04-15","2021","04","15","","15.2","","-7.0","","4.1","","13.9","","0.0","","","","","","0.0","","102","","","","",""
"-116.34","51.44","YOHO PARK","11790J1","2021-04-16","2021","04","16","","16.1","","-5.7","","5.2","","12.8","","0.0","","","","","","0.0","","98","","","","",""
"-116.34","51.44","YOHO PARK","11790J1","2021-04-17","2021","04","17","","16.2","","-5.7","","5.2","","12.8","","0.0","","","","","","0.0","","94","","24","","35",""
"-116.34","51.44","YOHO PARK","11790J1","2021-04-18","2021","04","18","","2.1","","-7.9","","-2.9","","20.9","","0.0","","","","","","3.9","","90","","8","","35",""
"-116.34","51.44","YOHO PARK","11790J1","2021-04-19","2021","04","19","","9.6","","-11.8","","-1.1","","19.1","","0.0","","","","","","0.3","","96","","","","",""
"-116.34","51.44","YOHO PARK","11790J1","2021-04-20","2021","04","20","","12.4","","-9.4","","1.5","","16.5","","0.0","","","","","","0.0","","89","","25","","35",""
"-116.34","51.44","YOHO PARK","11790J1","2021-04-21","2021","04","21","","12.2","","-7.8","","2.2","","15.8","","0.0","","","","","","0.0","","85","","25","","44",""
"-116.34","51.44","YOHO PARK","11790J1","2021-04-22","2021","04","22","","1.8","","-5.1","","-1.6","","19.6","","0.0","","","","","","3.3","","80","","8","","37",""
"-116.34","51.44","YOHO PARK","11790J1","2021-04-23","2021","04","23","","5.2","","-6.1","","-0.5","","18.5","","0.0","","","","","","1.9","","83","","","","",""
"-116.34","51.44","YOHO PARK","11790J1","2021-04-24","2021","04","24","","5.8","","-5.4","","0.2","","17.8","","0.0","","","","","","0.6","","83","","","","",""
"-116.34","51.44","YOHO PARK","11790J1","2021-04-25","2021","04","25","","5.1","","-3.7","","0.7","","17.3","","0.0","","","","","","1.1","","81","","","","",""
"-116.34","51.44","YOHO PARK","11790J1","2021-04-26","2021","04","26","","8.9","","-8.6","","0.1","","17.9","","0.0","","","","","","0.5","","81","","26","","53",""
"-116.34","51.44","YOHO PARK","11790J1","2021-04-27","2021","04","27","","10.3","","-3.7","","3.3","","14.7","","0.0","","","","","","0.0","","78","","27","","47",""
"-116.34","51.44","YOHO PARK","11790J1","2021-04-28","2021","04","28","","9.2","","1.4","","5.3","","12.7","","0.0","","","","","","0.0","","74","","25","","45",""
"-116.34","51.44","YOHO PARK","11790J1","2021-04-29","2021","04","29","","10.7","","1.4","","6.1","","11.9","","0.0","","","","","","1.0","","71","","24","","39",""
"-116.34","51.44","YOHO PARK","11790J1","2021-04-30","2021","04","30","","13.1","","1.8","","7.4","","10.6","","0.0","","","","","","0.0","","66","","27","","53",""
"-116.34","51.44","YOHO PARK","11790J1","2021-05-01","2021","05","01","","9.8","","-1.8","","4.0","","14.0","","0.0","","","","","","4.4","","61","","24","","37",""
"-116.34","51.44","YOHO PARK","11790J1","2021-05-02","2021","05","02","","12.0","","-5.5","","3.2","","14.8","","0.0","","","","","","0.6","","61","","25","","33",""
"-116.34","51.44","YOHO PARK","11790J1","2021-05-03","2021","05","03","","10.0","","-4.8","","2.6","","15.4","","0.0","","","","","","1.4","","56","","26","","32",""
"-116.34","51.44","YOHO PARK","11790J1","2021-05-04","2021","05","04","","11.1","","-1.4","","4.9","","13.1","","0.0","","","","","","1.3","","54","","26","","49",""
"-116.34","51.44","YOHO PARK","11790J1","2021-05-05","2021","05","05","","13.3","","-5.4","","4.0","","14.0","","0.0","","","","","","0.3","","51","","","","",""
"-116.34","51.44","YOHO PARK","11790J1","2021-05-06","2021","05","06","","16.3","","-3.2","","6.6","","11.4","","0.0","","","","","","0.0","","46","","","","",""
"-116.34","51.44","YOHO PARK","11790J1","2021-05-07","2021","05","07","","13.8","","0.1","","6.9","","11.1","","0.0","","","","","","9.3","","40","","25","","50",""
"-116.34","51.44","YOHO PARK","11790J1","2021-05-08","2021","05","08","","8.0","","-0.9","","3.6","","14.4","","0.0","","","","","","5.5","","38","","","","",""
"-116.34","51.44","YOHO PARK","11790J1","2021-05-09","2021","05","09","","6.3","","-1.1","","2.6","","15.4","","0.0","","","","","","0.3","","36","","","","",""
"-116.34","51.44","YOHO PARK","11790J1","2021-05-10","2021","05","10","","12.9","","-3.3","","4.8","","13.2","","0.0","","","","","","0.4","","32","","26","","39",""
"-116.34","51.44","YOHO PARK","11790J1","2021-05-11","2021","05","11","","14.0","","-1.5","","6.3","","11.7","","0.0","","","","","","0.0","","27","","","","",""
"-116.34","51.44","YOHO PARK","11790J1","2021-05-12","2021","05","12","","14.5","","-4.8","","4.8","","13.2","","0.0","","","","","","0.0","","22","","28","","34",""
"-116.34","51.44","YOHO PARK","11790J1","2021-05-13","2021","05","13","","16.2","","-1.0","","7.6","","10.4","","0.0","","","","","","0.0","","17","","26","","36",""
"-116.34","51.44","YOHO PARK","11790J1","2021-05-14","2021","05","14","","17.6","","-2.6","","7.5","","10.5","","0.0","","","","","","0.0","","8","","","","",""
"-116.34","51.44","YOHO PARK","11790J1","2021-05-15","2021","05","15","","17.8","","-2.7","","7.6","","10.4","","0.0","","","","","","0.0","","4","","25","","42",""
"-116.34","51.44","YOHO PARK","11790J1","2021-05-16","2021","05","16","","21.4","","0.5","","10.9","","7.1","","0.0","","","","","","0.0","","0","","27","","41",""
"-116.34","51.44","YOHO PARK","11790J1","2021-05-17","2021","05","17","","17.3","","1.7","","9.5","","8.5","","0.0","","","","","","7.4","","0","","25","","54",""
"-116.34","51.44","YOHO PARK","11790J1","2021-05-18","2021","05","18","","7.1","","-1.3","","2.9","","15.1","","0.0","","","","","","24.7","","0","","27","","64",""
"-116.34","51.44","YOHO PARK","11790J1","2021-05-19","2021","05","19","","10.4","","-1.8","","4.3","","13.7","","0.0","","","","","","2.8","","1","","","","",""
"-116.34","51.44","YOHO PARK","11790J1","2021-05-20","2021","05","20","","7.4","","-1.6","","2.9","","15.1","","0.0","","","","","","0.2","","0","","","","",""
"-116.34","51.44","YOHO PARK","11790J1","2021-05-21","2021","05","21","","10.8","","-2.3","","4.2","","13.8","","0.0","","","","","","0.0","","0","","6","","33",""
"-116.34","51.44","YOHO PARK","11790J1","2021-05-22","2021","05","22","","16.7","","-2.5","","7.1","","10.9","","0.0","","","","","","0.0","","0","","7","","33",""
"-116.34","51.44","YOHO PARK","11790J1","2021-05-23","2021","05","23","","17.0","","-1.8","","7.6","","10.4","","0.0","","","","","","3.1","","0","","10","","36",""
"-116.34","51.44","YOHO PARK","11790J1","2021-05-24","2021","05","24","","9.5","","3.0","","6.2","","11.8","","0.0","","","","","","2.5","","0","","","","",""
"-116.34","51.44","YOHO PARK","11790J1","2021-05-25","2021","05","25","","10.7","","0.9","","5.8","","12.2","","0.0","","","","","","3.5","","0","","","","",""
"-116.34","51.44","YOHO PARK","11790J1","2021-05-26","2021","05","26","","15.8","","2.4","","9.1","","8.9","","0.0","","","","","","0.6","","0","","25","","44",""
"-116.34","51.44","YOHO PARK","11790J1","2021-05-27","2021","05","27","","17.1","","2.4","","9.7","","8.3","","0.0","","","","","","8.0","","0","","26","","53",""
"-116.34","51.44","YOHO PARK","11790J1","2021-05-28","2021","05","28","","7.2","","0.5","","3.8","","14.2","","0.0","","","","","","5.9","","0","","26","","44",""
"-116.34","51.44","YOHO PARK","11790J1","2021-05-29","2021","05","29","","13.6","","0.1","","6.9","","11.1","","0.0","","","","","","0.2","","0","","24","","37",""
"-116.34","51.44","YOHO PARK","11790J1","2021-05-30","2021","05","30","","19.8","","-2.7","","8.5","","9.5","","0.0","","","","","","0.2","","0","","24","","41",""
"-116.34","51.44","YOHO PARK","11790J1","2021-05-31","2021","05","31","","22.2","","3.1","","12.7","","5.3","","0.0","","","","","","0.2","","0","","26","","41",""
"-116.34","51.44","YOHO PARK","11790J1","2021-06-01","2021","06","01","","23.7","","4.5","","14.1","","3.9","","0.0","","","","","","0.2","","0","","24","","33",""
"-116.34","51.44","YOHO PARK","11790J1","2021-06-02","2021","06","02","","27.1","","2.7","","14.9","","3.1","","0.0","","","","","","0.0","","0","","25","","47",""
"-116.34","51.44","YOHO PARK","11790J1","2021-06-03","2021","06","03","","25.1","","5.7","","15.4","","2.6","","0.0","","","","","","0.0","","0","","26","","59",""
"-116.34","51.44","YOHO PARK","11790J1","2021-06-04","2021","06","04","","23.2","","6.7","","15.0","","3.0","","0.0","","","","","","0.0","","0","","25","","53",""
"-116.34","51.44","YOHO PARK","11790J1","2021-06-05","2021","06","05","","15.8","","4.4","","10.1","","7.9","","0.0","","","","","","1.4","","0","","24","","51",""
"-116.34","51.44","YOHO PARK","11790J1","2021-06-06","2021","06","06","","10.8","","0.2","","5.5","","12.5","","0.0","","","","","","11.4","","0","","25","","38",""
"-116.34","51.44","YOHO PARK","11790J1","2021-06-07","2021","06","07","","7.3","","0.2","","3.7","","14.3","","0.0","","","","","","12.5","","0","","","","",""
"-116.34","51.44","YOHO PARK","11790J1","2021-06-08","2021","06","08","","15.3","","-1.3","","7.0","","11.0","","0.0","","","","","","1.0","","0","","","","",""
"-116.34","51.44","YOHO PARK","11790J1","2021-06-09","2021","06","09","","13.0","","1.9","","7.4","","10.6","","0.0","","","","","","5.5","","0","","25","","36",""
"-116.34","51.44","YOHO PARK","11790J1","2021-06-10","2021","06","10","","13.8","","2.0","","7.9","","10.1","","0.0","","","","","","0.5","","0","","24","","46",""
"-116.34","51.44","YOHO PARK","11790J1","2021-06-11","2021","06","11","","14.1","","-0.4","","6.9","","11.1","","0.0","","","","","","0.0","","0","","26","","47",""
"-116.34","51.44","YOHO PARK","11790J1","2021-06-12","2021","06","12","","15.6","","3.1","","9.4","","8.6","","0.0","","","","","","2.4","","0","","25","","37",""
"-116.34","51.44","YOHO PARK","11790J1","2021-06-13","2021","06","13","","13.6","","-0.3","","6.6","","11.4","","0.0","","","","","","1.7","","0","","","","",""
"-116.34","51.44","YOHO PARK","11790J1","2021-06-14","2021","06","14","","22.5","","6.6","","14.6","","3.4","","0.0","","","","","","10.2","","0","","26","","41",""
"-116.34","51.44","YOHO PARK","11790J1","2021-06-15","2021","06","15","","13.6","","5.5","","9.5","","8.5","","0.0","","","","","","24.4","","0","","25","","50",""
"-116.34","51.44","YOHO PARK","11790J1","2021-06-16","2021","06","16","","13.7","","4.3","","9.0","","9.0","","0.0","","","","","","5.2","","0","","26","","54",""
"-116.34","51.44","YOHO PARK","11790J1","2021-06-17","2021","06","17","","18.1","","3.3","","10.7","","7.3","","0.0","","","","","","0.2","","0","","26","","49",""
"-116.34","51.44","YOHO PARK","11790J1","2021-06-18","2021","06","18","","23.0","","0.5","","11.8","","6.2","","0.0","","","","","","0.0","","0","","25","","44",""
"-116.34","51.44","YOHO PARK","11790J1","2021-06-19","2021","06","19","","16.6","","7.0","","11.8","","6.2","","0.0","","","","","","6.4","","0","","25","","31",""
"-116.34","51.44","YOHO PARK","11790J1","2021-06-20","2021","06","20","","21.8","","5.3","","13.6","","4.4","","0.0","","","","","","0.0","","0","","","","",""
"-116.34","51.44","YOHO PARK","11790J1","2021-06-21","2021","06","21","","24.0","","2.3","","13.1","","4.9","","0.0","","","","","","0.0","","0","","25","","41",""
"-116.34","51.44","YOHO PARK","11790J1","2021-06-22","2021","06","22","","25.9","","4.5","","15.2","","2.8","","0.0","","","","","","0.0","","0","","26","","49",""
"-116.34","51.44","YOHO PARK","11790J1","2021-06-23","2021","06","23","","24.9","","9.3","","17.1","","0.9","","0.0","","","","","","0.0","","0","","26","","37",""
"-116.34","51.44","YOHO PARK","11790J1","2021-06-24","2021","06","24","","19.9","","9.4","","14.6","","3.4","","0.0","","","","","","2.1","","0","","27","","35",""
"-116.34","51.44","YOHO PARK","11790J1","2021-06-25","2021","06","25","","26.8","","4.2","","15.5","","2.5","","0.0","","","","","","0.0","","0","","24","","36",""
"-116.34","51.44","YOHO PARK","11790J1","2021-06-26","2021","06","26","","31.1","","8.4","","19.7","","0.0","","1.7","","","","","","0.0","","0","","24","","33",""
"-116.34","51.44","YOHO PARK","11790J1","2021-06-27","2021","06","27","","33.3","","9.8","","21.5","","0.0","","3.5","","","","","","0.0","","0","","25","","32",""
"-116.34","51.44","YOHO PARK","11790J1","2021-06-28","2021","06","28","","34.9","","9.4","","22.1","","0.0","","4.1","","","","","","0.0","","0","","25","","32",""
"-116.34","51.44","YOHO PARK","11790J1","2021-06-29","2021","06","29","","36.7","","10.7","","23.7","","0.0","","5.7","","","","","","0.0","","0","","27","","31",""
"-116.34","51.44","YOHO PARK","11790J1","2021-06-30","2021","06","30","","37.9","","10.2","","24.0","","0.0","","6.0","","","","","","0.0","","","","25","","31",""
"-116.34","51.44","YOHO PARK","11790J1","2021-07-01","2021","07","01","","35.0","","10.6","","22.8","","0.0","","4.8","","","","","","0.0","","","","6","","39",""
"-116.34","51.44","YOHO PARK","11790J1","2021-07-02","2021","07","02","","28.0","","11.6","","19.8","","0.0","","1.8","","","","","","3.7","","","","25","","58",""
"-116.34","51.44","YOHO PARK","11790J1","2021-07-03","2021","07","03","","27.1","","6.5","","16.8","","1.2","","0.0","","","","","","0.0","","0","","25","","34",""
"-116.34","51.44","YOHO PARK","11790J1","2021-07-04","2021","07","04","","24.1","","8.2","","16.2","","1.8","","0.0","","","","","","5.2","","0","","27","","56",""
"-116.34","51.44","YOHO PARK","11790J1","2021-07-05","2021","07","05","","20.0","","8.3","","14.2","","3.8","","0.0","","","","","","2.1","","0","","24","","35",""
"-116.34","51.44","YOHO PARK","11790J1","2021-07-06","2021","07","06","","24.6","","8.9","","16.7","","1.3","","0.0","","","","","","1.2","","0","","25","","34",""
"-116.34","51.44","YOHO PARK","11790J1","2021-07-07","2021","07","07","","27.2","","6.2","","16.7","","1.3","","0.0","","","","","","1.1","","0","","24","","45",""
"-116.34","51.44","YOHO PARK","11790J1","2021-07-08","2021","07","08","","27.9","","9.1","","18.5","","0.0","","0.5","","","","","","0.4","","0","","21","","31",""
"-116.34","51.44","YOHO PARK","11790J1","2021-07-09","2021","07","09","","29.4","","7.8","","18.6","","0.0","","0.6","","","","","","0.0","","","","","","",""
"-116.34","51.44","YOHO PARK","11790J1","2021-07-10","2021","07","10","","28.0","","8.3","","18.2","","0.0","","0.2","","","","","","0.0","","","","25","","47",""
"-116.34","51.44","YOHO PARK","11790J1","2021-07-11","2021","07","11","","25.0","","7.7","","16.4","","1.6","","0.0","","","","","","0.4","","0","","25","","44",""
"-116.34","51.44","YOHO PARK","11790J1","2021-07-12","2021","07","12","","27.7","","5.0","","16.3","","1.7","","0.0","","","","","","0.0","","0","","","M","","M"
"-116.34","51.44","YOHO PARK","11790J1","2021-07-13","2021","07","13","","29.0","","9.2","","19.1","","0.0","","1.1","","","","","","0.0","","","","27","","39",""
"-116.34","51.44","YOHO PARK","11790J1","2021-07-14","2021","07","14","","","M","","M","","M","","M","","M","","","","","","M","","","","M","","M"
"-116.34","51.44","YOHO PARK","11790J1","2021-07-15","2021","07","15","","28.7","","6.9","","17.8","","0.2","","0.0","","","","","","0.0","","0","","25","","40",""
"-116.34","51.44","YOHO PARK","11790J1","2021-07-16","2021","07","16","","26.0","","9.0","","17.5","","0.5","","0.0","","","","","","0.0","","1","","26","","31",""
"-116.34","51.44","YOHO PARK","11790J1","2021-07-17","2021","07","17","","27.5","","10.0","","18.7","","0.0","","0.7","","","","","","0.0","","0","","24","","39",""
"-116.34","51.44","YOHO PARK","11790J1","2021-07-18","2021","07","18","","27.6","","8.9","","18.2","","0.0","","0.2","","","","","","0.0","","0","","26","","50",""
"-116.34","51.44","YOHO PARK","11790J1","2021-07-19","2021","07","19","","30.3","","10.7","","20.5","","0.0","","2.5","","","","","","0.0","","1","","26","","46",""
"-116.34","51.44","YOHO PARK","11790J1","2021-07-20","2021","07","20","","28.4","","10.3","","19.4","","0.0","","1.4","","","","","","0.0","","0","","26","","49",""
"-116.34","51.44","YOHO PARK","11790J1","2021-07-21","2021","07","21","","24.9","","6.0","","15.4","","2.6","","0.0","","","","","","2.5","","0","","23","","65",""
"-116.34","51.44","YOHO PARK","11790J1","2021-07-22","2021","07","22","","16.5","","6.2","","11.3","","6.7","","0.0","","","","","","0.0","","0","","25","","55",""
"-116.34","51.44","YOHO PARK","11790J1","2021-07-23","2021","07","23","","19.3","","4.4","","11.9","","6.1","","0.0","","","","","","0.0","","0","","25","","46",""
"-116.34","51.44","YOHO PARK","11790J1","2021-07-24","2021","07","24","","24.3","","3.3","","13.8","","4.2","","0.0","","","","","","0.0","","0","","25","","43",""
"-116.34","51.44","YOHO PARK","11790J1","2021-07-25","2021","07","25","","25.5","","6.3","","15.9","","2.1","","0.0","","","","","","0.0","","0","","27","","49",""
"-116.34","51.44","YOHO PARK","11790J1","2021-07-26","2021","07","26","","26.1","","9.3","","17.7","","0.3","","0.0","","","","","","0.0","","0","","26","","48",""
"-116.34","51.44","YOHO PARK","11790J1","2021-07-27","2021","07","27","","26.9","","9.5","","18.2","","0.0","","0.2","","","","","","0.0","","","","24","","42",""
"-116.34","51.44","YOHO PARK","11790J1","2021-07-28","2021","07","28","","26.8","","6.2","","16.5","","1.5","","0.0","","","","","","0.0","","0","","","","",""
"-116.34","51.44","YOHO PARK","11790J1","2021-07-29","2021","07","29","","27.6","","8.5","","18.1","","0.0","","0.1","","","","","","0.0","","0","","","","",""
"-116.34","51.44","YOHO PARK","11790J1","2021-07-30","2021","07","30","","29.6","","8.4","","19.0","","0.0","","1.0","","","","","","0.0","","","","25","","32",""
"-116.34","51.44","YOHO PARK","11790J1","2021-07-31","2021","07","31","","30.8","","10.2","","20.5","","0.0","","2.5","","","","","","0.0","","0","","","","",""
"-116.34","51.44","YOHO PARK","11790J1","2021-08-01","2021","08","01","","31.6","","10.5","","21.0","","0.0","","3.0","","","","","","0.0","","0","","","","",""
"-116.34","51.44","YOHO PARK","11790J1","2021-08-02","2021","08","02","","19.4","","13.1","","16.3","","1.7","","0.0","","","","","","11.4","","1","","25","","34",""
"-116.34","51.44","YOHO PARK","11790J1","2021-08-03","2021","08","03","","25.1","","10.6","","17.9","","0.1","","0.0","","","","","","0.0","","1","","25","","37",""
"-116.34","51.44","YOHO PARK","11790J1","2021-08-04","2021","08","04","","25.6","","5.8","","15.7","","2.3","","0.0","","","","","","0.0","","0","","6","","37",""
"-116.34","51.44","YOHO PARK","11790J1","2021-08-05","2021","08","05","","27.5","","5.5","","16.5","","1.5","","0.0","","","","","","0.0","","0","","25","","31",""
"-116.34","51.44","YOHO PARK","11790J1","2021-08-06","2021","08","06","","20.4","","10.2","","15.3","","2.7","","0.0","","","","","","0.0","","0","","26","","46",""
"-116.34","51.44","YOHO PARK","11790J1","2021-08-07","2021","08","07","","18.0","","9.9","","13.9","","4.1","","0.0","","","","","","0.0","","0","","24","","58",""
"-116.34","51.44","YOHO PARK","11790J1","2021-08-08","2021","08","08","","17.0","","7.8","","12.4","","5.6","","0.0","","","","","","0.0","","0","","25","","35",""
"-116.34","51.44","YOHO PARK","11790J1","2021-08-09","2021","08","09","","17.3","","5.0","","11.1","","6.9","","0.0","","","","","","0.0","","0","","25","","33",""
"-116.34","51.44","YOHO PARK","11790J1","2021-08-10","2021","08","10","","16.4","","10.5","","13.4","","4.6","","0.0","","","","","","1.7","","1","","23","","56",""
"-116.34","51.44","YOHO PARK","11790J1","2021-08-11","2021","08","11","","25.8","","10.8","","18.3","","0.0","","0.3","","","","","","0.0","","0","","23","","61",""
"-116.34","51.44","YOHO PARK","11790J1","2021-08-12","2021","08","12","","27.5","","5.9","","16.7","","1.3","","0.0","","","","","","0.0","","0","","25","","34",""
"-116.34","51.44","YOHO PARK","11790J1","2021-08-13","2021","08","13","","31.0","","4.4","","17.7","","0.3","","0.0","","","","","","0.0","","0","","25","","40",""
"-116.34","51.44","YOHO PARK","11790J1","2021-08-14","2021","08","14","","26.9","","6.5","","16.7","","1.3","","0.0","","","","","","0.0","","0","","26","","43",""
"-116.34","51.44","YOHO PARK","11790J1","2021-08-15","2021","08","15","","25.4","","9.8","","17.6","","0.4","","0.0","","","","","","0.0","","0","","28","","61",""
"-116.34","51.44","YOHO PARK","11790J1","2021-08-16","2021","08","16","","19.1","","7.9","","13.5","","4.5","","0.0","","","","","","12.0","","0","","24","","47",""
"-116.34","51.44","YOHO PARK","11790J1","2021-08-17","2021","08","17","","11.9","","6.1","","9.0","","9.0","","0.0","","","","","","2.3","","1","","5","","36",""
"-116.34","51.44","YOHO PARK","11790J1","2021-08-18","2021","08","18","","22.8","","2.8","","12.8","","5.2","","0.0","","","","","","0.0","","0","","26","","37",""
"-116.34","51.44","YOHO PARK","11790J1","2021-08-19","2021","08","19","","20.3","","6.9","","13.6","","4.4","","0.0","","","","","","8.5","","0","","6","","35",""
"-116.34","51.44","YOHO PARK","11790J1","2021-08-20","2021","08","20","","16.7","","5.2","","10.9","","7.1","","0.0","","","","","","0.0","","0","","","","",""
"-116.34","51.44","YOHO PARK","11790J1","2021-08-21","2021","08","21","","19.0","","4.0","","11.5","","6.5","","0.0","","","","","","0.3","","0","","","","",""
"-116.34","51.44","YOHO PARK","11790J1","2021-08-22","2021","08","22","","12.6","","4.7","","8.6","","9.4","","0.0","","","","","","6.1","","0","","23","","42",""
"-116.34","51.44","YOHO PARK","11790J1","2021-08-23","2021","08","23","","6.6","","2.9","","4.7","","13.3","","0.0","","","","","","4.5","","0","","","","",""
"-116.34","51.44","YOHO PARK","11790J1","2021-08-24","2021","08","24","","19.0","","2.3","","10.7","","7.3","","0.0","","","","","","0.0","","0","","26","","33",""
"-116.34","51.44","YOHO PARK","11790J1","2021-08-25","2021","08","25","","20.9","","-1.6","","9.7","","8.3","","0.0","","","","","","0.0","","0","","26","","35",""
"-116.34","51.44","YOHO PARK","11790J1","2021-08-26","2021","08","26","","17.8","","-0.1","","8.8","","9.2","","0.0","","","","","","0.2","","0","","24","","41",""
"-116.34","51.44","YOHO PARK","11790J1","2021-08-27","2021","08","27","","17.0","","5.4","","11.2","","6.8","","0.0","","","","","","0.0","","0","","25","","42",""
"-116.34","51.44","YOHO PARK","11790J1","2021-08-28","2021","08","28","","18.5","","0.7","","9.6","","8.4","","0.0","","","","","","0.0","","0","","26","","41",""
"-116.34","51.44","YOHO PARK","11790J1","2021-08-29","2021","08","29","","22.5","","2.0","","12.3","","5.7","","0.0","","","","","","0.0","","0","","27","","40",""
"-116.34","51.44","YOHO PARK","11790J1","2021-08-30","2021","08","30","","21.0","","2.9","","11.9","","6.1","","0.0","","","","","","1.0","","0","","26","","48",""
"-116.34","51.44","YOHO PARK","11790J1","2021-08-31","2021","08","31","","11.9","","3.2","","7.6","","10.4","","0.0","","","","","","11.4","","0","","27","","50",""
"-116.34","51.44","YOHO PARK","11790J1","2021-09-01","2021","09","01","","11.8","","2.8","","7.3","","10.7","","0.0","","","","","","4.7","","0","","25","","35",""
"-116.34","51.44","YOHO PARK","11790J1","2021-09-02","2021","09","02","","14.4","","1.9","","8.1","","9.9","","0.0","","","","","","0.0","","0","","","","",""
"-116.34","51.44","YOHO PARK","11790J1","2021-09-03","2021","09","03","","20.0","","-1.8","","9.1","","8.9","","0.0","","","","","","0.0","","0","","23","","38",""
"-116.34","51.44","YOHO PARK","11790J1","2021-09-04","2021","09","04","","20.3","","0.5","","10.4","","7.6","","0.0","","","","","","0.0","","0","","25","","44",""
"-116.34","51.44","YOHO PARK","11790J1","2021-09-05","2021","09","05","","20.1","","8.4","","14.2","","3.8","","0.0","","","","","","1.6","","1","","26","","49",""
"-116.34","51.44","YOHO PARK","11790J1","2021-09-06","2021","09","06","","18.5","","5.9","","12.2","","5.8","","0.0","","","","","","0.0","","0","","25","","53",""
"-116.34","51.44","YOHO PARK","11790J1","2021-09-07","2021","09","07","","23.9","","3.1","","13.5","","4.5","","0.0","","","","","","0.0","","0","","26","","34",""
"-116.34","51.44","YOHO PARK","11790J1","2021-09-08","2021","09","08","","19.7","","4.3","","12.0","","6.0","","0.0","","","","","","0.0","","0","","25","","41",""
"-116.34","51.44","YOHO PARK","11790J1","2021-09-09","2021","09","09","","20.8","","7.3","","14.1","","3.9","","0.0","","","","","","0.0","","0","","23","","39",""
"-116.34","51.44","YOHO PARK","11790J1","2021-09-10","2021","09","10","","22.1","","5.9","","14.0","","4.0","","0.0","","","","","","6.0","","0","","26","","49",""
"-116.34","51.44","YOHO PARK","11790J1","2021-09-11","2021","09","11","","20.6","","8.3","","14.4","","3.6","","0.0","","","","","","1.6","","1","","26","","36",""
"-116.34","51.44","YOHO PARK","11790J1","2021-09-12","2021","09","12","","11.6","","5.2","","8.4","","9.6","","0.0","","","","","","19.6","","1","","23","","42",""
"-116.34","51.44","YOHO PARK","11790J1","2021-09-13","2021","09","13","","13.6","","2.4","","8.0","","10.0","","0.0","","","","","","0.2","","0","","25","","36",""
"-116.34","51.44","YOHO PARK","11790J1","2021-09-14","2021","09","14","","15.9","","-1.2","","7.3","","10.7","","0.0","","","","","","0.0","","0","","26","","47",""
"-116.34","51.44","YOHO PARK","11790J1","2021-09-15","2021","09","15","","9.3","","-0.1","","4.6","","13.4","","0.0","","","","","","6.5","","0","","28","","58",""
"-116.34","51.44","YOHO PARK","11790J1","2021-09-16","2021","09","16","","10.0","","-1.8","","4.1","","13.9","","0.0","","","","","","0.0","","0","","26","","35",""
"-116.34","51.44","YOHO PARK","11790J1","2021-09-17","2021","09","17","","6.3","","-3.1","","1.6","","16.4","","0.0","","","","","","8.3","","0","","26","","44",""
"-116.34","51.44","YOHO PARK","11790J1","2021-09-18","2021","09","18","","8.8","","1.5","","5.1","","12.9","","0.0","","","","","","30.5","","0","","25","","46",""
"-116.34","51.44","YOHO PARK","11790J1","2021-09-19","2021","09","19","","6.9","","1.0","","4.0","","14.0","","0.0","","","","","","1.0","","0","","25","","34",""
"-116.34","51.44","YOHO PARK","11790J1","2021-09-20","2021","09","20","","9.6","","1.1","","5.3","","12.7","","0.0","","","","","","0.0","","0","","24","","31",""
"-116.34","51.44","YOHO PARK","11790J1","2021-09-21","2021","09","21","","10.6","","2.8","","6.7","","11.3","","0.0","","","","","","0.0","","0","","26","","40",""
"-116.34","51.44","YOHO PARK","11790J1","2021-09-22","2021","09","22","","12.6","","4.1","","8.3","","9.7","","0.0","","","","","","0.0","","0","","28","","41",""
"-116.34","51.44","YOHO PARK","11790J1","2021-09-23","2021","09","23","","13.0","","2.6","","7.8","","10.2","","0.0","","","","","","0.0","","0","","25","","47",""
"-116.34","51.44","YOHO PARK","11790J1","2021-09-24","2021","09","24","","18.0","","3.5","","10.7","","7.3","","0.0","","","","","","0.0","","0","","27","","39",""
"-116.34","51.44","YOHO PARK","11790J1","2021-09-25","2021","09","25","","19.8","","5.9","","12.8","","5.2","","0.0","","","","","","0.0","","0","","26","","34",""
"-116.34","51.44","YOHO PARK","11790J1","2021-09-26","2021","09","26","","18.7","","8.7","","13.7","","4.3","","0.0","","","","","","0.0","","0","","26","","43",""
"-116.34","51.44","YOHO PARK","11790J1","2021-09-27","2021","09","27","","9.6","","3.8","","6.7","","11.3","","0.0","","","","","","26.7","","1","","25","","37",""
"-116.34","51.44","YOHO PARK","11790J1","2021-09-28","2021","09","28","","8.6","","1.2","","4.9","","13.1","","0.0","","","","","","4.5","","1","","23","","48",""
"-116.34","51.44","YOHO PARK","11790J1","2021-09-29","2021","09","29","","6.8","","0.6","","3.7","","14.3","","0.0","","","","","","0.0","","0","","25","","38",""
"-116.34","51.44","YOHO PARK","11790J1","2021-09-30","2021","09","30","","7.8","","2.3","","5.0","","13.0","","0.0","","","","","","1.8","","0","","25","","57",""
"-116.34","51.44","YOHO PARK","11790J1","2021-10-01","2021","10","01","","10.7","","-0.9","","4.9","","13.1","","0.0","","","","","","1.2","","0","","24","","36",""
"-116.34","51.44","YOHO PARK","11790J1","2021-10-02","2021","10","02","","8.2","","-2.1","","3.0","","15.0","","0.0","","","","","","0.0","","0","","25","","53",""
"-116.34","51.44","YOHO PARK","11790J1","2021-10-03","2021","10","03","","12.0","","2.5","","7.3","","10.7","","0.0","","","","","","0.0","","0","","25","","47",""
"-116.34","51.44","YOHO PARK","11790J1","2021-10-04","2021","10","04","","12.1","","1.3","","6.7","","11.3","","0.0","","","","","","0.0","","0","","26","","38",""
"-116.34","51.44","YOHO PARK","11790J1","2021-10-05","2021","10","05","","17.8","","-1.8","","8.0","","10.0","","0.0","","","","","","0.0","","0","","25","","46",""
"-116.34","51.44","YOHO PARK","11790J1","2021-10-06","2021","10","06","","11.2","","-0.2","","5.5","","12.5","","0.0","","","","","","9.8","","0","","26","","50",""
"-116.34","51.44","YOHO PARK","11790J1","2021-10-07","2021","10","07","","4.1","","-1.6","","1.3","","16.7","","0.0","","","","","","1.6","","0","","27","","34",""
"-116.34","51.44","YOHO PARK","11790J1","2021-10-08","2021","10","08","","5.6","","-3.7","","1.0","","17.0","","0.0","","","","","","0.0","","1","","25","","32",""
"-116.34","51.44","YOHO PARK","11790J1","2021-10-09","2021","10","09","","6.9","","-3.5","","1.7","","16.3","","0.0","","","","","","1.2","","1","","26","","40",""
"-116.34","51.44","YOHO PARK","11790J1","2021-10-10","2021","10","10","","2.8","","-3.5","","-0.3","","18.3","","0.0","","","","","","6.9","","1","","24","","66",""
"-116.34","51.44","YOHO PARK","11790J1","2021-10-11","2021","10","11","","4.5","","-6.8","","-1.1","","19.1","","0.0","","","","","","0.0","","0","","","","",""
"-116.34","51.44","YOHO PARK","11790J1","2021-10-12","2021","10","12","","3.2","","-11.3","","-4.1","","22.1","","0.0","","","","","","0.0","","1","","27","","41",""
"-116.34","51.44","YOHO PARK","11790J1","2021-10-13","2021","10","13","","0.9","","-3.6","","-1.4","","19.4","","0.0","","","","","","0.9","","1","","","","",""
"-116.34","51.44","YOHO PARK","11790J1","2021-10-14","2021","10","14","","2.8","","-4.0","","-0.6","","18.6","","0.0","","","","","","0.0","","1","","25","","33",""
"-116.34","51.44","YOHO PARK","11790J1","2021-10-15","2021","10","15","","3.7","","-1.0","","1.3","","16.7","","0.0","","","","","","0.0","","1","","25","","42",""
"-116.34","51.44","YOHO PARK","11790J1","2021-10-16","2021","10","16","","7.4","","1.3","","4.4","","13.6","","0.0","","","","","","0.0","","0","","26","","55",""
"-116.34","51.44","YOHO PARK","11790J1","2021-10-17","2021","10","17","","11.0","","-0.8","","5.1","","12.9","","0.0","","","","","","0.0","","0","","26","","39",""
"-116.34","51.44","YOHO PARK","11790J1","2021-10-18","2021","10","18","","11.8","","-0.7","","5.6","","12.4","","0.0","","","","","","0.0","","0","","","","",""
"-116.34","51.44","YOHO PARK","11790J1","2021-10-19","2021","10","19","","10.7","","-1.5","","4.6","","13.4","","0.0","","","","","","0.0","","0","","","","",""
"-116.34","51.44","YOHO PARK","11790J1","2021-10-20","2021","10","20","","7.8","","-3.9","","1.9","","16.1","","0.0","","","","","","0.0","","1","","27","","32",""
"-116.34","51.44","YOHO PARK","11790J1","2021-10-21","2021","10","21","","8.8","","-1.8","","3.5","","14.5","","0.0","","","","","","0.8","","0","","26","","35",""
"-116.34","51.44","YOHO PARK","11790J1","2021-10-22","2021","10","22","","4.0","","-3.4","","0.3","","17.7","","0.0","","","","","","1.8","","1","","","","",""
"-116.34","51.44","YOHO PARK","11790J1","2021-10-23","2021","10","23","","4.2","","0.8","","2.5","","15.5","","0.0","","","","","","6.5","","1","","","","",""
"-116.34","51.44","YOHO PARK","11790J1","2021-10-24","2021","10","24","","7.4","","0.1","","3.7","","14.3","","0.0","","","","","","0.7","","0","","4","","37",""
"-116.34","51.44","YOHO PARK","11790J1","2021-10-25","2021","10","25","","3.9","","0.2","","2.1","","15.9","","0.0","","","","","","6.5","","0","","25","","36",""
"-116.34","51.44","YOHO PARK","11790J1","2021-10-26","2021","10","26","","4.5","","0.0","","2.2","","15.8","","0.0","","","","","","0.7","","0","","26","","39",""
"-116.34","51.44","YOHO PARK","11790J1","2021-10-27","2021","10","27","","1.2","","-0.7","","0.2","","17.8","","0.0","","","","","","7.8","","3","","27","","33",""
"-116.34","51.44","YOHO PARK","11790J1","2021-10-28","2021","10","28","","0.4","","-1.4","","-0.5","","18.5","","0.0","","","","","","5.7","","3","","27","","32",""
"-116.34","51.44","YOHO PARK","11790J1","2021-10-29","2021","10","29","","3.1","","-3.8","","-0.3","","18.3","","0.0","","","","","","6.9","","12","","26","","31",""
"-116.34","51.44","YOHO PARK","11790J1","2021-10-30","2021","10","30","","0.4","","-13.6","","-6.6","","24.6","","0.0","","","","","","0.2","","9","","","","",""
"-116.34","51.44","YOHO PARK","11790J1","2021-10-31","2021","10","31","","-1.4","","-16.8","","-9.1","","27.1","","0.0","","","","","","0.0","","8","","","","",""
"-116.34","51.44","YOHO PARK","11790J1","2021-11-01","2021","11","01","","1.0","","-17.7","","-8.3","","26.3","","0.0","","","","","","0.0","","9","","","","",""
"-116.34","51.44","YOHO PARK","11790J1","2021-11-02","2021","11","02","","0.8","","-12.5","","-5.8","","23.8","","0.0","","","","","","0.0","","8","","26","","36",""
"-116.34","51.44","YOHO PARK","11790J1","2021-11-03","2021","11","03","","2.5","","-2.8","","-0.2","","18.2","","0.0","","","","","","0.0","","9","","26","","43",""
"-116.34","51.44","YOHO PARK","11790J1","2021-11-04","2021","11","04","","2.3","","-0.4","","0.9","","17.1","","0.0","","","","","","1.6","","7","","26","","45",""
"-116.34","51.44","YOHO PARK","11790J1","2021-11-05","2021","11","05","","7.1","","-2.4","","2.3","","15.7","","0.0","","","","","","2.8","","5","","26","","42",""
"-116.34","51.44","YOHO PARK","11790J1","2021-11-06","2021","11","06","","-1.7","","-7.7","","-4.7","","22.7","","0.0","","","","","","1.4","","6","","","","",""
"-116.34","51.44","YOHO PARK","11790J1","2021-11-07","2021","11","07","","-1.0","","-4.9","","-3.0","","21.0","","0.0","","","","","","0.4","","7","","27","","34",""
"-116.34","51.44","YOHO PARK","11790J1","2021-11-08","2021","11","08","","-0.1","","-11.4","","-5.7","","23.7","","0.0","","","","","","3.4","","10","","26","","39",""
"-116.34","51.44","YOHO PARK","11790J1","2021-11-09","2021","11","09","","-2.8","","-14.4","","-8.6","","26.6","","0.0","","","","","","0.3","","9","","26","","51",""
"-116.34","51.44","YOHO PARK","11790J1","2021-11-10","2021","11","10","","0.0","","-7.7","","-3.8","","21.8","","0.0","","","","","","5.0","","12","","27","","33",""
"-116.34","51.44","YOHO PARK","11790J1","2021-11-11","2021","11","11","","-3.2","","-10.4","","-6.8","","24.8","","0.0","","","","","","0.2","","15","","27","","34",""
"-116.34","51.44","YOHO PARK","11790J1","2021-11-12","2021","11","12","","-0.8","","-6.7","","-3.7","","21.7","","0.0","","","","","","4.9","","15","","26","","55",""
"-116.34","51.44","YOHO PARK","11790J1","2021-11-13","2021","11","13","","0.8","","-3.2","","-1.2","","19.2","","0.0","","","","","","5.7","","22","","26","","36",""
"-116.34","51.44","YOHO PARK","11790J1","2021-11-14","2021","11","14","","-0.7","","-3.6","","-2.1","","20.1","","0.0","","","","","","38.9","","28","","26","","40",""
"-116.34","51.44","YOHO PARK","11790J1","2021-11-15","2021","11","15","","0.4","","-0.7","","-0.2","","18.2","","0.0","","","","","","25.0","","51","","27","","48",""
"-116.34","51.44","YOHO PARK","11790J1","2021-11-16","2021","11","16","","-0.3","","-10.8","","-5.6","","23.6","","0.0","","","","","","1.9","","54","","24","","68",""
"-116.34","51.44","YOHO PARK","11790J1","2021-11-17","2021","11","17","","-7.4","","-18.7","","-13.1","","31.1","","0.0","","","","","","0.3","","49","","27","","37",""
"-116.34","51.44","YOHO PARK","11790J1","2021-11-18","2021","11","18","","-9.3","","-20.1","","-14.7","","32.7","","0.0","","","","","","1.4","","47","","27","","38",""
"-116.34","51.44","YOHO PARK","11790J1","2021-11-19","2021","11","19","","-1.4","","-12.1","","-6.8","","24.8","","0.0","","","","","","0.2","","49","","25","","35",""
"-116.34","51.44","YOHO PARK","11790J1","2021-11-20","2021","11","20","","-4.6","","-8.9","","-6.7","","24.7","","0.0","","","","","","0.9","","46","","26","","53",""
"-116.34","51.44","YOHO PARK","11790J1","2021-11-21","2021","11","21","","-3.8","","-5.6","","-4.7","","22.7","","0.0","","","","","","5.9","","49","","26","","42",""
"-116.34","51.44","YOHO PARK","11790J1","2021-11-22","2021","11","22","","-2.8","","-5.4","","-4.1","","22.1","","0.0","","","","","","0.7","","54","","26","","66",""
"-116.34","51.44","YOHO PARK","11790J1","2021-11-23","2021","11","23","","-0.5","","-6.8","","-3.7","","21.7","","0.0","","","","","","0.2","","51","","26","","35",""
"-116.34","51.44","YOHO PARK","11790J1","2021-11-24","2021","11","24","","","M","","M","","M","","M","","M","","","","","","M","48","","","M","","M"
"-116.34","51.44","YOHO PARK","11790J1","2021-11-25","2021","11","25","","-3.0","","-5.8","","-4.4","","22.4","","0.0","","","","","","6.9","","48","","26","","54",""
"-116.34","51.44","YOHO PARK","11790J1","2021-11-26","2021","11","26","","0.4","","-3.6","","-1.6","","19.6","","0.0","","","","","","0.6","","66","","28","","47",""
"-116.34","51.44","YOHO PARK","11790J1","2021-11-27","2021","11","27","","-2.4","","-4.9","","-3.6","","21.6","","0.0","","","","","","0.0","","66","","26","","49",""
"-116.34","51.44","YOHO PARK","11790J1","2021-11-28","2021","11","28","","0.7","","-3.5","","-1.4","","19.4","","0.0","","","","","","0.5","","72","","26","","42",""
"-116.34","51.44","YOHO PARK","11790J1","2021-11-29","2021","11","29","","0.8","","-1.6","","-0.4","","18.4","","0.0","","","","","","0.4","","78","","27","","41",""
"-116.34","51.44","YOHO PARK","11790J1","2021-11-30","2021","11","30","","0.8","","-1.3","","-0.2","","18.2","","0.0","","","","","","0.0","","71","","28","","47",""
"-116.34","51.44","YOHO PARK","11790J1","2021-12-01","2021","12","01","","1.5","","0.1","","0.8","","17.2","","0.0","","","","","","3.5","","73","","28","","43",""
"-116.34","51.44","YOHO PARK","11790J1","2021-12-02","2021","12","02","","0.7","","-6.1","","-2.7","","20.7","","0.0","","","","","","24.4","","67","","24","","47",""
"-116.34","51.44","YOHO PARK","11790J1","2021-12-03","2021","12","03","","-4.0","","-16.7","","-10.4","","28.4","","0.0","","","","","","0.0","","65","","","","",""
"-116.34","51.44","YOHO PARK","11790J1","2021-12-04","2021","12","04","","-9.5","","-16.5","","-13.0","","31.0","","0.0","","","","","","0.0","","64","","25","","31",""
"-116.34","51.44","YOHO PARK","11790J1","2021-12-05","2021","12","05","","-7.7","","-16.9","","-12.3","","30.3","","0.0","","","","","","0.0","","63","","27","","39",""
"-116.34","51.44","YOHO PARK","11790J1","2021-12-06","2021","12","06","","-12.2","","-17.2","","-14.7","","32.7","","0.0","","","","","","0.0","","62","","26","","39",""
"-116.34","51.44","YOHO PARK","11790J1","2021-12-07","2021","12","07","","-10.2","","-17.3","","-13.7","","31.7","","0.0","","","","","","0.0","","63","","28","","61",""
"-116.34","51.44","YOHO PARK","11790J1","2021-12-08","2021","12","08","","-5.6","","-10.3","","-8.0","","26.0","","0.0","","","","","","0.0","","64","","27","","57",""
"-116.34","51.44","YOHO PARK","11790J1","2021-12-09","2021","12","09","","-8.8","","-11.3","","-10.0","","28.0","","0.0","","","","","","0.0","","69","","26","","38",""
"-116.34","51.44","YOHO PARK","11790J1","2021-12-10","2021","12","10","","-8.6","","-11.8","","-10.2","","28.2","","0.0","","","","","","0.0","","69","","27","","43",""
"-116.34","51.44","YOHO PARK","11790J1","2021-12-11","2021","12","11","","-2.9","","-10.2","","-6.6","","24.6","","0.0","","","","","","0.0","","72","","25","","49",""
"-116.34","51.44","YOHO PARK","11790J1","2021-12-12","2021","12","12","","-5.1","","-11.4","","-8.3","","26.3","","0.0","","","","","","0.0","","83","","24","","49",""
"-116.34","51.44","YOHO PARK","11790J1","2021-12-13","2021","12","13","","-4.8","","-11.1","","-7.9","","25.9","","0.0","","","","","","0.0","","80","","","","",""
"-116.34","51.44","YOHO PARK","11790J1","2021-12-14","2021","12","14","","-8.4","","-13.1","","-10.8","","28.8","","0.0","","","","","","0.0","","86","","8","","38",""
"-116.34","51.44","YOHO PARK","11790J1","2021-12-15","2021","12","15","","-8.7","","-16.0","","-12.3","","30.3","","0.0","","","","","","0.0","","86","","","","",""
"-116.34","51.44","YOHO PARK","11790J1","2021-12-16","2021","12","16","","-9.1","","-17.2","","-13.2","","31.2","","0.0","","","","","","0.0","","84","","","","",""
"-116.34","51.44","YOHO PARK","11790J1","2021-12-17","2021","12","17","","-16.1","","-27.2","","-21.6","","39.6","","0.0","","","","","","0.0","","83","","25","","36",""
"-116.34","51.44","YOHO PARK","11790J1","2021-12-18","2021","12","18","","-10.6","","-17.9","","-14.3","","32.3","","0.0","","","","","","0.0","","83","","27","","50",""
"-116.34","51.44","YOHO PARK","11790J1","2021-12-19","2021","12","19","","-8.2","","-20.1","","-14.1","","32.1","","0.0","","","","","","0.0","","92","","25","","37",""
"-116.34","51.44","YOHO PARK","11790J1","2021-12-20","2021","12","20","","","M","","M","","M","","M","","M","","","","","","M","90","","","M","","M"
"-116.34","51.44","YOHO PARK","11790J1","2021-12-21","2021","12","21","","-13.1","","-20.1","","-16.6","","34.6","","0.0","","","","","","2.3","","89","","26","","56",""
"-116.34","51.44","YOHO PARK","11790J1","2021-12-22","2021","12","22","","-5.6","","-13.8","","-9.7","","27.7","","0.0","","","","","","3.1","","92","","26","","57",""
"-116.34","51.44","YOHO PARK","11790J1","2021-12-23","2021","12","23","","-3.9","","-9.2","","-6.6","","24.6","","0.0","","","","","","8.0","","92","","25","","52",""
"-116.34","51.44","YOHO PARK","11790J1","2021-12-24","2021","12","24","","-9.2","","-21.2","","-15.2","","33.2","","0.0","","","","","","3.3","","100","","7","","42",""
"-116.34","51.44","YOHO PARK","11790J1","2021-12-25","2021","12","25","","-21.2","","-26.6","","-23.9","","41.9","","0.0","","","","","","2.4","","100","","7","","48",""
"-116.34","51.44","YOHO PARK","11790J1","2021-12-26","2021","12","26","","-25.8","","-28.7","","-27.3","","45.3","","0.0","","","","","","1.3","","99","","8","","54",""
"-116.34","51.44","YOHO PARK","11790J1","2021-12-27","2021","12","27","","-23.2","","-32.5","","-27.8","","45.8","","0.0","","","","","","0.2","","97","","26","","46",""
"-116.34","51.44","YOHO PARK","11790J1","2021-12-28","2021","12","28","","-19.9","","-30.2","","-25.1","","43.1","","0.0","","","","","","0.2","","96","","23","","34",""
"-116.34","51.44","YOHO PARK","11790J1","2021-12-29","2021","12","29","","-21.0","","-35.0","","-28.0","","46.0","","0.0","","","","","","0.7","","94","","25","","54",""
"-116.34","51.44","YOHO PARK","11790J1","2021-12-30","2021","12","30","","-18.9","","-25.7","","-22.3","","40.3","","0.0","","","","","","0.7","","95","","26","","49",""
"-116.34","51.44","YOHO PARK","11790J1","2021-12-31","2021","12","31","","-21.9","","-33.5","","-27.7","","45.7","","0.0","","","","","","0.2","","94","","","","",""
